Label,# Samples,Average,Median,90% Line,95% Line,99% Line,Min,Max,Error %,App specific
jmeter_login_and_view_dashboard,200,505,338,428,603,3909,299,12833,0.0,False
jmeter_view_issue,14413,228,173,387,421,486,120,1688,0.0,False
jmeter_view_dashboard,4233,106,85,177,202,249,63,353,0.0,False
jmeter_search_jql,4666,591,532,812,860,957,384,2294,0.0,False
jmeter_view_scrum_board,3390,169,156,258,288,346,81,466,0.0,False
jmeter_view_backlog,2534,400,333,606,648,722,251,1915,0.0,False
jmeter_create_issue:open_quick_create,1697,104,73,185,208,242,53,497,0.0,False
jmeter_create_issue:fill_and_submit_issue_form,1697,223,169,351,383,436,132,512,0.0,False
jmeter_view_kanban_board,2956,187,160,298,432,521,94,678,0.0,False
jmeter_browse_projects,3799,67,54,117,136,169,37,246,0.0,False
jmeter_edit_issue:open_editor,2113,125,92,219,245,289,69,379,0.0,False
jmeter_edit_issue:save_edit,2113,242,204,361,399,515,157,1589,0.0,False
jmeter_view_project_summary,1267,140,99,240,261,318,66,390,0.0,False
jmeter_add_comment:open_comment,841,76,61,131,150,178,48,248,0.0,False
jmeter_add_comment:save_comment,840,236,205,358,412,459,163,1490,0.0,False
jmeter_browse_boards,414,97,64,168,189,226,48,283,0.0,False
selenium_login:open_login_page,187,197,185,209,232,254,171,1671,0.0,False
selenium_login:login_and_view_dashboard,187,942,701,1703,1761,2712,545,3000,0.0,False
selenium_login,187,1140,892,1888,1946,2889,727,4673,0.0,False
selenium_browse_projects_list,187,337,325,354,369,453,278,2114,0.0,False
selenium_browse_boards_list,187,421,385,431,476,895,333,3165,0.0,False
selenium_create_issue:open_quick_create,187,806,816,878,903,945,641,951,0.0,False
selenium_create_issue:fill_and_submit_issue_form:submit_issue_form,187,627,625,639,643,663,613,676,0.0,False
selenium_create_issue:fill_and_submit_issue_form,187,1259,1246,1330,1358,1386,1078,4004,0.0,False
selenium_create_issue,187,2066,2055,2186,2237,2301,1752,4674,0.0,False
selenium_edit_issue:open_edit_issue_form,187,715,692,804,851,919,581,2156,0.0,False
selenium_edit_issue:save_edit_issue_form,187,763,740,898,936,1020,609,1083,0.0,False
selenium_edit_issue,187,1949,1924,2097,2168,2317,1691,3430,0.0,False
selenium_save_comment:open_comment_form,187,454,454,520,533,552,307,559,0.0,False
selenium_save_comment:submit_form,187,983,962,1053,1078,1327,856,2887,0.0,False
selenium_save_comment,187,1608,1595,1705,1729,1920,1365,3499,0.0,False
selenium_search_jql,187,1217,1190,1286,1362,1499,1131,3424,0.0,False
selenium_view_scrum_board_backlog,187,1253,1405,1548,1593,1670,849,3716,0.0,False
selenium_view_scrum_board,187,975,964,1079,1131,1270,376,3843,0.0,False
selenium_view_kanban_board,187,868,848,1198,1275,1492,430,1551,0.0,False
selenium_view_dashboard,187,516,502,706,751,922,323,1149,0.0,False
selenium_view_issue,187,852,857,963,983,1007,648,1062,0.0,False
selenium_project_summary,187,557,540,643,660,722,393,2199,0.0,False
selenium_log_out,187,592,587,640,657,681,501,691,0.0,False
