Label,# Samples,Average,Median,90% Line,95% Line,99% Line,Min,Max,Error %,App specific
jmeter_login_and_view_dashboard,200,417,370,522,635,1027,304,1954,0.0,False
jmeter_view_dashboard,4232,84,77,111,128,157,57,1228,0.0,False
jmeter_view_issue,14413,193,168,284,320,396,118,3679,0.0,False
jmeter_view_scrum_board,3390,143,136,223,259,320,76,2367,0.0,False
jmeter_search_jql,4667,553,532,671,720,822,418,4283,0.0,False
jmeter_create_issue:open_quick_create,1697,83,69,126,143,178,54,792,0.0,False
jmeter_view_backlog,2533,340,320,440,477,540,234,2806,0.0,False
jmeter_create_issue:fill_and_submit_issue_form,1697,202,178,280,300,347,129,1325,0.0,False
jmeter_view_kanban_board,2956,150,124,232,287,341,89,913,0.0,False
jmeter_browse_projects,3798,55,50,80,94,118,37,440,0.0,False
jmeter_edit_issue:open_editor,2113,101,92,142,160,200,66,467,0.0,False
jmeter_edit_issue:save_edit,2113,231,208,319,365,456,149,617,0.0,False
jmeter_view_project_summary,1267,109,96,157,176,214,64,509,0.0,False
jmeter_add_comment:open_comment,841,61,59,68,74,105,45,545,0.0,False
jmeter_add_comment:save_comment,841,208,200,244,263,326,163,387,0.0,False
jmeter_browse_boards,414,78,64,119,130,158,49,309,0.0,False
selenium_login:open_login_page,207,144,136,149,159,185,122,1250,0.0,False
selenium_login:login_and_view_dashboard,207,1014,1256,1335,1364,1423,490,5164,0.0,False
selenium_login,207,1159,1390,1481,1498,1564,621,6415,0.0,False
selenium_browse_projects_list,207,263,260,288,299,330,229,347,0.0,False
selenium_browse_boards_list,207,318,283,306,335,806,256,3668,0.0,False
selenium_create_issue:open_quick_create,207,794,812,861,889,909,648,1013,0.0,False
selenium_create_issue:fill_and_submit_issue_form:submit_issue_form,207,626,625,633,639,666,606,716,0.0,False
selenium_create_issue:fill_and_submit_issue_form,207,1343,1232,1300,1402,4175,1101,4216,0.0,False
selenium_create_issue,207,2138,2039,2158,2251,4858,1785,4916,0.0,False
selenium_edit_issue:open_edit_issue_form,207,624,631,745,765,820,442,1425,0.0,False
selenium_edit_issue:save_edit_issue_form,207,638,625,694,810,841,552,867,0.0,False
selenium_edit_issue,207,1693,1675,1773,1841,1931,1553,2889,0.0,False
selenium_save_comment:open_comment_form,207,400,405,446,459,495,261,514,0.0,False
selenium_save_comment:submit_form,207,794,769,860,916,1018,679,2719,0.0,False
selenium_save_comment,207,1369,1350,1458,1514,1717,1119,3263,0.0,False
selenium_search_jql,207,1262,1240,1328,1356,1480,1175,3171,0.0,False
selenium_view_scrum_board_backlog,207,1158,1142,1396,1411,1550,789,3234,0.0,False
selenium_view_scrum_board,207,859,820,928,967,1024,785,3273,0.0,False
selenium_view_kanban_board,207,764,745,1055,1162,1389,371,1472,0.0,False
selenium_view_dashboard,207,397,388,558,603,665,229,744,0.0,False
selenium_view_issue,207,680,671,748,770,819,542,1840,0.0,False
selenium_project_summary,207,474,454,538,577,637,320,2175,0.0,False
selenium_log_out,207,351,345,399,417,436,289,516,0.0,False
