{
 "modules": {
  "ab": {
   "class": "bzt.modules.ab.ApacheBenchmarkExecutor"
  },
  "gatling": {
   "class": "bzt.modules.gatling.GatlingExecutor",
   "properties": {
    "gatling.data.file.bufferSize": 256
   }
  },
  "grinder": {
   "class": "bzt.modules.grinder.GrinderExecutor",
   "properties": {
    "grinder.useConsole": false
   }
  },
  "jmeter": {
   "class": "bzt.modules.jmeter.JMeterExecutor",
   "protocol-handlers": {
    "http": "bzt.jmx.http.HTTPProtocolHandler",
    "mqtt": "bzt.jmx.mqtt.MQTTProtocolHandler"
   },
   "plugins": [
    "jpgc-casutg",
    "jpgc-dummy",
    "jpgc-ffw",
    "jpgc-fifo",
    "jpgc-functions",
    "jpgc-json",
    "jpgc-perfmon",
    "jpgc-prmctl",
    "jpgc-tst",
    "bzm-parallel=0.4",
    "bzm-random-csv=0.6",
    "jpgc-casutg=2.5",
    "jpgc-dummy=0.2",
    "jpgc-ffw=2.0",
    "jpgc-fifo=0.2",
    "jpgc-functions=2.1",
    "jpgc-json=2.6",
    "jpgc-perfmon=2.1",
    "jpgc-prmctl=0.4",
    "jpgc-tst=2.4",
    "jpgc-wsc=0.3",
    "tilln-sshmon=1.0",
    "jpgc-synthesis=2.2"
   ],
   "properties": {
    "jmeter.save.saveservice.autoflush": "true",
    "jmeter.save.saveservice.connect_time": "true",
    "jmeterengine.force.system.exit": "true",
    "summariser.name": ""
   },
   "version": "5.2.1",
   "detect-plugins": true,
   "memory-xmx": "8G",
   "system-properties": {
    "server.rmi.ssl.disable": true,
    "java.rmi.server.hostname": "localhost",
    "httpsampler.ignore_failed_embedded_resources": "true"
   },
   "path": "/root/.bzt/jmeter-taurus/5.2.1/bin/jmeter.sh"
  },
  "locust": {
   "class": "bzt.modules.locustio.LocustIOExecutor"
  },
  "molotov": {
   "class": "bzt.modules.molotov.MolotovExecutor"
  },
  "siege": {
   "class": "bzt.modules.siege.SiegeExecutor"
  },
  "tsung": {
   "class": "bzt.modules.tsung.TsungExecutor"
  },
  "k6": {
   "class": "bzt.modules.k6.K6Executor"
  },
  "vegeta": {
   "class": "bzt.modules.vegeta.VegetaExecutor"
  },
  "selenium": {
   "class": "bzt.modules.selenium.SeleniumExecutor",
   "chromedriver": {
    "version": "91.0.4472.101"
   }
  },
  "junit": {
   "class": "bzt.modules.java.JUnitTester"
  },
  "testng": {
   "class": "bzt.modules.java.TestNGTester"
  },
  "rspec": {
   "class": "bzt.modules.ruby.RSpecTester"
  },
  "mocha": {
   "class": "bzt.modules.javascript.MochaTester"
  },
  "nunit": {
   "class": "bzt.modules.csharp.NUnitExecutor"
  },
  "xunit": {
   "class": "bzt.modules.csharp.XUnitExecutor"
  },
  "pytest": {
   "class": "bzt.modules.pytest.PyTestExecutor"
  },
  "wdio": {
   "class": "bzt.modules.javascript.WebdriverIOExecutor"
  },
  "robot": {
   "class": "bzt.modules.robot.RobotExecutor"
  },
  "newman": {
   "class": "bzt.modules.javascript.NewmanExecutor"
  },
  "apiritif": {
   "class": "bzt.modules.apiritif.ApiritifNoseExecutor"
  },
  "local": {
   "class": "bzt.modules.provisioning.Local"
  },
  "monitoring": {
   "class": "bzt.modules.monitoring.Monitoring"
  },
  "passfail": {
   "class": "bzt.modules.passfail.PassFailStatus"
  },
  "shellexec": {
   "class": "bzt.modules.shellexec.ShellExecutor"
  },
  "junit-xml": {
   "class": "bzt.modules.reporting.JUnitXMLReporter"
  },
  "install-checker": {
   "class": "bzt.modules.services.InstallChecker"
  },
  "console": {
   "class": "bzt.modules.console.ConsoleStatusReporter",
   "disable": true
  },
  "consolidator": {
   "class": "bzt.modules.aggregator.ConsolidatingAggregator",
   "rtimes-len": 0,
   "percentiles": []
  },
  "final-stats": {
   "class": "bzt.modules.reporting.FinalStatus"
  },
  "functional-consolidator": {
   "class": "bzt.modules.functional.FunctionalAggregator"
  },
  "android-emulator": {
   "class": "bzt.modules.services.AndroidEmulatorLoader"
  },
  "appium": {
   "class": "bzt.modules.services.AppiumLoader"
  },
  "virtual-display": {
   "class": "bzt.modules.services.VirtualDisplay"
  },
  "external-results-loader": {
   "class": "bzt.modules.external.ExternalResultsLoader"
  },
  "blazemeter": {
   "class": "bzt.modules.blazemeter.BlazeMeterUploader"
  },
  "cloud": {
   "class": "bzt.modules.blazemeter.CloudProvisioning",
   "default-location": "us-central1-a"
  },
  "proxy2jmx": {
   "class": "bzt.modules.proxy2jmx.Proxy2JMX"
  },
  "unpacker": {
   "class": "bzt.modules.services.Unpacker"
  },
  "pip-install": {
   "class": "bzt.modules.services.PipInstaller"
  },
  "screenshoter": {
   "class": "bzt.modules.blazemeter.ServiceStubScreenshoter"
  },
  "capturehar": {
   "class": "bzt.modules.blazemeter.ServiceStubCaptureHAR"
  },
  "final_stats": {
   "class": "bzt.modules.reporting.FinalStatus"
  }
 },
 "cli-aliases": {
  "cloud": {
   "provisioning": "cloud"
  },
  "detach": {
   "modules": {
    "cloud": {
     "detach": true
    }
   }
  },
  "func": {
   "modules": {
    "console": {
     "disable": true
    }
   },
   "settings": {
    "aggregator": "functional-consolidator"
   }
  },
  "gui": {
   "modules": {
    "jmeter": {
     "gui": true
    }
   }
  },
  "install-tools": {
   "services": [
    "install-checker"
   ]
  },
  "local": {
   "provisioning": "local"
  },
  "locations": {
   "modules": {
    "cloud": {
     "dump-locations": true
    }
   },
   "provisioning": "cloud"
  },
  "report": {
   "reporting": [
    "blazemeter"
   ]
  },
  "public": {
   "modules": {
    "blazemeter": {
     "public-report": true
    }
   }
  },
  "sequential": {
   "modules": {
    "local": {
     "sequential": true
    }
   }
  },
  "lint": {
   "cli": {
    "linter": {
     "lint-and-exit": true
    }
   }
  },
  "nolint": {
   "cli": {
    "linter": {
     "disable": true
    }
   }
  }
 },
 "cli": {
  "linter": {
   "disable": false,
   "warn-on-unfamiliar-fields": false,
   "ignored-warnings": [],
   "lint-and-exit": false
  }
 },
 "settings": {
  "aggregator": "consolidator",
  "default-executor": "jmeter",
  "env": {
   "OBJC_DISABLE_INITIALIZE_FORK_SAFETY": "YES",
   "application_hostname": "jirad-loadb-1uiogc36qun9x-1916237975.us-west-1.elb.amazonaws.com",
   "application_protocol": "http",
   "application_port": "80",
   "secure": "True",
   "application_postfix": null,
   "admin_login": "admin",
   "admin_password": "********",
   "load_executor": "jmeter",
   "concurrency": "200",
   "test_duration": "45m",
   "ramp-up": "3m",
   "total_actions_per_hour": "54500",
   "WEBDRIVER_VISIBLE": "False",
   "JMETER_VERSION": "5.2.1",
   "LANGUAGE": "en_US.utf8",
   "allow_analytics": "True",
   "create_issue": "4",
   "search_jql": "11",
   "view_issue": "34",
   "view_project_summary": "3",
   "view_dashboard": "10",
   "edit_issue": "5",
   "add_comment": "2",
   "browse_projects": "9",
   "view_scrum_board": "8",
   "view_kanban_board": "7",
   "view_backlog": "6",
   "browse_boards": "1",
   "standalone_extension": "100",
   "custom_dataset_query": "summary ~ 'AppIssue*'",
   "TAURUS_ARTIFACTS_DIR": "/dc-app-performance-toolkit/app/results/jira/2021-08-23_16-42-08"
  },
  "artifacts-dir": "results/jira/%Y-%m-%d_%H-%M-%S",
  "verbose": false
 },
 "provisioning": "local",
 "reporting": [
  {
   "module": "final-stats"
  },
  {
   "module": "console"
  },
  {
   "data-source": "sample-labels",
   "module": "junit-xml",
   "filename": "/dc-app-performance-toolkit/app/results/jira/2021-08-23_16-42-08/xunit.xml"
  }
 ],
 "services": [
  {
   "module": "monitoring",
   "local": [
    {
     "metrics": [
      "cpu",
      "mem",
      "bytes-sent",
      "bytes-recv",
      "disk-read",
      "disk-write",
      "disk-space",
      "engine-loop",
      "conn-all"
     ]
    }
   ]
  },
  {
   "module": "shellexec",
   "prepare": [
    {
     "command": "python util/pre_run/environment_checker.py"
    },
    {
     "command": "python util/data_preparation/jira_prepare_data.py"
    }
   ],
   "shutdown": [
    {
     "command": "python util/post_run/jmeter_post_check.py"
    },
    {
     "command": "python util/jtl_convertor/jtls-to-csv.py kpi.jtl selenium.jtl"
    }
   ],
   "post-process": [
    {
     "command": "python util/analytics/analytics.py jira"
    },
    {
     "command": "python util/post_run/cleanup_results_dir.py"
    }
   ]
  }
 ],
 "install-id": "Docker",
 "execution": [
  {
   "scenario": "jmeter",
   "executor": "jmeter",
   "concurrency": {
    "local": "200"
   },
   "hold-for": "45m",
   "ramp-up": "3m",
   "throughput": {}
  },
  {
   "scenario": "selenium",
   "executor": "selenium",
   "runner": "pytest",
   "hold-for": "45m",
   "files": []
  }
 ],
 "scenarios": {
  "selenium": {
   "script": "/dc-app-performance-toolkit/app/selenium_ui/jira_ui.py"
  },
  "locust": {
   "script": "locustio/jira/locustfile.py"
  },
  "jmeter": {
   "script": "/dc-app-performance-toolkit/app/jmeter/jira.jmx",
   "properties": {
    "application_hostname": "jirad-loadb-1uiogc36qun9x-1916237975.us-west-1.elb.amazonaws.com",
    "application_protocol": "http",
    "application_port": "80",
    "application_postfix": "",
    "total_actions_per_hr": "54500",
    "perc_create_issue": "4",
    "perc_search_jql": "11",
    "perc_view_issue": "34",
    "perc_view_project_summary": "3",
    "perc_view_dashboard": "10",
    "perc_edit_issue": "5",
    "perc_add_comment": "2",
    "perc_browse_projects": "9",
    "perc_view_scrum_board": "8",
    "perc_view_kanban_board": "7",
    "perc_view_backlog": "6",
    "perc_browse_boards": "1",
    "perc_standalone_extension": "100"
   }
  }
 },
 "included-configs": [],
 "version": "1.15.3"
}
