Label,# Samples,Average,Median,90% Line,95% Line,99% Line,Min,Max,Error %,App specific
jmeter_login_and_view_dashboard,200,525,436,599,788,4035,315,6016,0.0,False
jmeter_app_test_suites_page,21138,83,85,104,109,124,49,1187,0.0,True
jmeter_app_traceability_page,21136,98,100,119,124,143,64,245,0.0,True
jmeter_app_reports_page,21135,75,75,93,97,112,45,1197,0.0,True
jmeter_app_my_settings_page,21130,59,63,73,76,85,39,1097,0.0,True
jmeter_app_specific_action,21124,59,64,73,76,86,40,645,0.0,True
jmeter_view_issue,7214,194,196,237,250,281,124,3381,0.0,False
jmeter_view_dashboard,2119,90,87,107,116,148,66,1213,0.0,False
jmeter_view_scrum_board,1697,145,140,200,212,240,77,717,0.0,False
jmeter_search_jql,2335,516,513,580,603,653,404,2797,0.0,False
jmeter_view_backlog,1267,362,349,437,458,496,276,1979,0.0,False
jmeter_create_issue:open_quick_create,849,99,95,110,123,202,71,858,0.0,False
jmeter_create_issue:fill_and_submit_issue_form,849,261,306,337,348,394,142,2146,0.0,False
jmeter_view_kanban_board,1480,165,157,243,257,283,102,2558,0.0,False
jmeter_browse_projects,1901,49,47,57,60,80,36,154,0.0,False
jmeter_edit_issue:open_editor,1058,97,92,122,130,147,68,1143,0.0,False
jmeter_edit_issue:save_edit,1058,258,222,349,375,616,122,1004,0.0,False
jmeter_view_project_summary,634,112,110,138,147,169,74,322,0.0,False
jmeter_add_comment:open_comment,421,72,71,89,97,126,48,159,0.0,False
jmeter_add_comment:save_comment,421,278,257,369,386,439,173,485,0.0,False
jmeter_browse_boards,207,68,65,81,85,92,52,225,0.0,False
selenium_login:open_login_page,143,196,183,195,197,207,171,1842,0.0,False
selenium_login:login_and_view_dashboard,143,761,741,813,828,2099,600,2868,0.0,False
selenium_login,143,958,925,995,1024,2282,782,4712,0.0,False
selenium_browse_projects_list,143,417,393,467,478,498,287,1736,0.0,False
selenium_browse_boards_list,143,416,385,403,420,964,320,3165,0.0,False
selenium_create_issue:open_quick_create,143,800,814,869,887,926,665,1084,0.0,False
selenium_create_issue:fill_and_submit_issue_form:submit_issue_form,143,631,627,636,643,658,614,1143,0.0,False
selenium_create_issue:fill_and_submit_issue_form,143,1256,1244,1323,1345,1435,1104,1853,0.0,False
selenium_create_issue,143,2056,2046,2182,2216,2333,1770,2939,0.0,False
selenium_edit_issue:open_edit_issue_form,143,714,672,810,850,964,580,2430,0.0,False
selenium_edit_issue:save_edit_issue_form,143,775,748,906,926,958,603,960,0.0,False
selenium_edit_issue,143,1972,1950,2082,2118,2290,1723,3788,0.0,False
selenium_save_comment:open_comment_form,143,455,460,516,529,574,326,593,0.0,False
selenium_save_comment:submit_form,143,1012,1009,1086,1106,1190,822,2715,0.0,False
selenium_save_comment,143,1645,1633,1778,1807,2051,1382,3329,0.0,False
selenium_search_jql,143,1255,1232,1269,1286,1662,1180,3455,0.0,False
selenium_view_scrum_board_backlog,143,1182,951,1535,1562,1585,891,3624,0.0,False
selenium_view_scrum_board,143,976,932,1057,1095,1160,480,3649,0.0,False
selenium_view_kanban_board,143,915,905,1176,1292,1451,446,1732,0.0,False
selenium_view_dashboard,143,512,497,713,790,840,307,1065,0.0,False
selenium_view_issue,143,848,838,955,985,1048,609,1637,0.0,False
selenium_project_summary,143,587,578,670,703,753,431,1887,0.0,False
selenium_app_specific_user_login,286,921,897,1034,1060,1129,726,5048,0.0,True
selenium_app_custom_action:testSuitePage,143,596,579,635,654,823,491,2384,0.0,True
navigate_to_test_suite_page,143,596,579,635,654,823,491,2384,0.0,True
selenium_app_custom_action:app_traceability_page,143,1072,1055,1127,1151,1244,950,3063,0.0,True
navigate_to_traceability_report_page,143,1072,1055,1127,1151,1245,950,3063,0.0,True
selenium_app_custom_action:app report page,143,563,554,613,624,725,482,872,0.0,True
navigate_to_app_report_page,143,564,554,613,625,725,482,872,0.0,True
selenium_app_custom_action:my settings page,143,405,396,454,485,557,321,610,0.0,True
navigate_to_my_settings_page,143,405,396,454,485,557,321,610,0.0,True
selenium_log_out,143,533,529,574,590,619,467,631,0.0,False
