Label,# Samples,Average,Median,90% Line,95% Line,99% Line,Min,Max,Error %,App specific
jmeter_login_and_view_dashboard,200,463,418,609,692,1069,306,2947,0.0,False
jmeter_app_test_suites_page,21140,84,85,108,116,138,51,1059,0.0,True
jmeter_app_traceability_page,21138,101,101,125,133,157,67,575,0.0,True
jmeter_app_reports_page,21138,76,75,96,101,122,47,1002,0.0,True
jmeter_app_my_settings_page,21137,60,63,75,79,97,41,987,0.0,True
jmeter_app_specific_action,21137,60,64,75,79,95,41,538,0.0,True
jmeter_view_issue,7215,185,176,236,253,289,126,1217,0.0,False
jmeter_view_dashboard,2119,87,86,102,109,140,65,381,0.0,False
jmeter_view_scrum_board,1697,141,141,188,196,230,82,316,0.0,False
jmeter_search_jql,2336,536,526,623,654,726,391,3431,0.0,False
jmeter_view_backlog,1268,361,346,438,458,517,205,2037,0.0,False
jmeter_create_issue:open_quick_create,850,79,77,90,96,149,59,735,0.0,False
jmeter_create_issue:fill_and_submit_issue_form,850,224,169,319,327,364,134,1517,0.0,False
jmeter_view_kanban_board,1480,146,141,195,217,246,99,850,0.0,False
jmeter_browse_projects,1902,50,48,59,63,82,38,277,0.0,False
jmeter_edit_issue:open_editor,1058,99,91,131,141,171,70,744,0.0,False
jmeter_edit_issue:save_edit,1058,278,235,410,472,678,155,1186,0.0,False
jmeter_view_project_summary,634,101,98,123,129,152,69,284,0.0,False
jmeter_add_comment:open_comment,421,70,68,87,94,117,50,137,0.0,False
jmeter_add_comment:save_comment,421,266,224,359,382,451,173,1533,0.0,False
jmeter_browse_boards,207,69,65,82,89,114,53,209,0.0,False
selenium_login:open_login_page,144,188,184,196,200,217,172,565,0.0,False
selenium_login:login_and_view_dashboard,144,734,708,799,811,1080,602,3089,0.0,False
selenium_login,144,923,896,988,1002,1486,779,3274,0.0,False
selenium_browse_projects_list,144,415,399,466,473,496,287,513,0.0,False
selenium_browse_boards_list,144,395,386,402,412,750,338,902,0.0,False
selenium_create_issue:open_quick_create,144,796,809,870,881,906,648,908,0.0,False
selenium_create_issue:fill_and_submit_issue_form:submit_issue_form,144,629,627,637,646,659,615,680,0.0,False
selenium_create_issue:fill_and_submit_issue_form,144,1255,1251,1328,1357,1375,1142,1378,0.0,False
selenium_create_issue,144,2052,2056,2177,2200,2223,1827,2257,0.0,False
selenium_edit_issue:open_edit_issue_form,144,687,664,783,820,894,564,922,0.0,False
selenium_edit_issue:save_edit_issue_form,144,777,750,905,939,969,624,1090,0.0,False
selenium_edit_issue,144,1953,1948,2090,2121,2161,1761,2276,0.0,False
selenium_save_comment:open_comment_form,144,446,450,513,526,546,283,583,0.0,False
selenium_save_comment:submit_form,144,996,995,1075,1103,1133,811,1172,0.0,False
selenium_save_comment,144,1616,1612,1733,1761,1832,1397,1871,0.0,False
selenium_search_jql,144,1314,1302,1358,1377,1474,1224,2264,0.0,False
selenium_view_scrum_board_backlog,144,1148,941,1532,1569,1695,897,1730,0.0,False
selenium_view_scrum_board,144,959,936,1046,1086,1155,562,1179,0.0,False
selenium_view_kanban_board,144,923,886,1229,1341,1392,491,1642,0.0,False
selenium_view_dashboard,144,526,518,750,803,886,315,893,0.0,False
selenium_view_issue,144,839,846,959,972,1017,650,1099,0.0,False
selenium_project_summary,144,565,564,637,687,728,406,754,0.0,False
selenium_app_specific_user_login,288,920,904,1028,1064,1110,733,5884,0.0,True
selenium_app_custom_action:testSuitePage,144,595,582,624,670,780,479,2113,0.0,True
navigate_to_test_suite_page,144,595,583,624,670,780,479,2113,0.0,True
selenium_app_custom_action:app_traceability_page,144,1070,1060,1130,1159,1183,952,2796,0.0,True
navigate_to_traceability_report_page,144,1071,1060,1130,1159,1183,952,2797,0.0,True
selenium_app_custom_action:app report page,144,558,552,600,617,649,491,971,0.0,True
navigate_to_app_report_page,144,559,552,601,617,649,492,971,0.0,True
selenium_app_custom_action:my settings page,144,389,388,426,444,473,309,482,0.0,True
navigate_to_my_settings_page,144,389,388,426,444,473,309,482,0.0,True
selenium_log_out,144,532,528,572,585,615,445,630,0.0,False
