Label,# Samples,Average,Median,90% Line,95% Line,99% Line,Min,Max,Error %,App specific
jmeter_login_and_view_dashboard,200,365,340,419,449,660,307,1147,0.0,False
jmeter_app_test_suites_page,21140,91,73,167,198,245,51,1192,0.0,True
jmeter_app_traceability_page,21139,116,93,212,263,325,67,1024,0.0,True
jmeter_app_reports_page,21135,80,67,135,171,222,47,1004,0.0,True
jmeter_app_my_settings_page,21135,59,52,93,117,154,40,280,0.0,True
jmeter_app_specific_action,21135,59,53,88,109,147,41,370,0.0,True
jmeter_view_issue,7216,212,170,382,434,522,126,1721,0.0,False
jmeter_search_jql,2336,611,543,928,1086,1212,386,2698,0.0,False
jmeter_view_dashboard,2119,101,87,146,177,225,64,1359,0.0,False
jmeter_view_scrum_board,1697,154,149,233,256,307,80,1854,0.0,False
jmeter_view_backlog,1268,384,363,474,499,580,225,2635,0.0,False
jmeter_create_issue:open_quick_create,850,91,71,164,187,241,48,455,0.0,False
jmeter_create_issue:fill_and_submit_issue_form,849,241,169,465,509,590,132,677,0.0,False
jmeter_view_kanban_board,1480,168,119,317,340,387,96,2086,0.0,False
jmeter_browse_projects,1902,57,50,82,103,145,38,1268,0.0,False
jmeter_edit_issue:open_editor,1058,110,87,207,239,274,69,353,0.0,False
jmeter_edit_issue:save_edit,1058,275,211,513,570,704,125,934,0.0,False
jmeter_view_project_summary,634,128,95,229,248,302,68,475,0.0,False
jmeter_add_comment:open_comment,421,75,66,107,120,149,51,187,0.0,False
jmeter_add_comment:save_comment,421,234,223,290,305,345,171,596,0.0,False
jmeter_browse_boards,207,64,62,70,76,119,54,124,0.0,False
selenium_login:open_login_page,145,191,186,199,222,303,170,546,0.0,False
selenium_login:login_and_view_dashboard,145,729,723,814,842,1001,592,1794,0.0,False
selenium_login,145,922,914,1007,1056,1408,770,1986,0.0,False
selenium_browse_projects_list,145,417,401,470,478,528,300,587,0.0,False
selenium_browse_boards_list,145,408,385,428,445,947,332,1027,0.0,False
selenium_create_issue:open_quick_create,145,800,814,870,892,936,680,954,0.0,False
selenium_create_issue:fill_and_submit_issue_form:submit_issue_form,145,636,628,640,655,938,614,1147,0.0,False
selenium_create_issue:fill_and_submit_issue_form,145,1253,1239,1341,1375,1574,1138,1774,0.0,False
selenium_create_issue,145,2054,2047,2189,2231,2378,1851,2622,0.0,False
selenium_edit_issue:open_edit_issue_form,145,682,665,796,841,904,563,999,0.0,False
selenium_edit_issue:save_edit_issue_form,145,774,742,916,928,985,623,1024,0.0,False
selenium_edit_issue,145,1958,1946,2108,2138,2193,1762,2234,0.0,False
selenium_save_comment:open_comment_form,145,460,462,522,554,636,320,683,0.0,False
selenium_save_comment:submit_form,145,965,960,1032,1061,1117,845,1206,0.0,False
selenium_save_comment,145,1593,1589,1694,1735,1807,1357,1904,0.0,False
selenium_search_jql,145,1329,1309,1372,1465,1782,1238,1818,0.0,False
selenium_view_scrum_board_backlog,145,1207,1071,1555,1595,1670,893,1715,0.0,False
selenium_view_scrum_board,145,973,943,1090,1126,1171,577,1190,0.0,False
selenium_view_kanban_board,145,880,870,1157,1212,1403,462,1542,0.0,False
selenium_view_dashboard,145,546,557,712,783,848,319,970,0.0,False
selenium_view_issue,145,830,850,938,962,1007,633,1012,0.0,False
selenium_project_summary,145,567,572,645,690,737,389,751,0.0,False
selenium_app_specific_user_login,290,874,878,990,1030,1099,698,1143,0.0,True
selenium_app_custom_action:testSuitePage,145,579,574,626,659,719,463,945,0.0,True
navigate_to_test_suite_page,145,579,575,626,659,720,463,945,0.0,True
selenium_app_custom_action:app_traceability_page,145,1079,1069,1173,1202,1294,948,1305,0.0,True
navigate_to_traceability_report_page,145,1079,1069,1173,1203,1294,948,1305,0.0,True
selenium_app_custom_action:app report page,145,561,556,610,629,718,477,753,0.0,True
navigate_to_app_report_page,145,561,556,610,629,719,477,754,0.0,True
selenium_app_custom_action:my settings page,145,398,393,448,466,536,314,553,0.0,True
navigate_to_my_settings_page,145,398,393,448,467,537,315,553,0.0,True
selenium_log_out,145,533,529,583,596,621,463,687,0.0,False
