Label,# Samples,Average,Median,90% Line,95% Line,99% Line,Min,Max,Error %,App specific
jmeter_login_and_view_dashboard,200,345,334,372,405,538,303,577,0.0,False
jmeter_view_issue,14407,203,172,319,355,412,123,1329,0.0,False
jmeter_search_jql,4665,562,536,707,753,842,380,1575,0.0,False
jmeter_view_dashboard,4233,99,87,149,173,219,60,709,0.0,False
jmeter_view_scrum_board,3390,149,140,218,276,337,80,814,0.0,False
jmeter_view_backlog,2532,374,334,534,569,616,260,1682,0.0,False
jmeter_create_issue:open_quick_create,1697,89,70,150,167,199,52,247,0.0,False
jmeter_create_issue:fill_and_submit_issue_form,1696,206,178,307,327,372,132,641,0.0,False
jmeter_view_kanban_board,2956,154,125,246,284,366,97,810,0.0,False
jmeter_browse_projects,3798,58,52,88,104,135,38,185,0.0,False
jmeter_edit_issue:open_editor,2113,106,91,162,188,237,68,757,0.0,False
jmeter_edit_issue:save_edit,2112,231,208,320,356,445,135,1232,0.0,False
jmeter_view_project_summary,1267,127,103,200,221,290,68,755,0.0,False
jmeter_add_comment:open_comment,841,78,65,128,143,167,49,647,0.0,False
jmeter_add_comment:save_comment,840,256,223,357,377,422,171,1182,0.0,False
jmeter_browse_boards,414,65,64,73,76,103,51,138,0.0,False
selenium_login:open_login_page,188,192,187,204,217,266,173,585,0.0,False
selenium_login:login_and_view_dashboard,188,780,692,864,1658,1799,546,1879,0.0,False
selenium_login,188,974,884,1187,1856,1989,730,2059,0.0,False
selenium_browse_projects_list,188,333,330,360,377,436,269,490,0.0,False
selenium_browse_boards_list,188,407,385,424,461,880,322,933,0.0,False
selenium_create_issue:open_quick_create,188,823,840,894,917,964,629,991,0.0,False
selenium_create_issue:fill_and_submit_issue_form:submit_issue_form,188,629,628,637,644,664,611,696,0.0,False
selenium_create_issue:fill_and_submit_issue_form,188,1264,1244,1322,1340,1396,1096,3982,0.0,False
selenium_create_issue,188,2088,2091,2189,2219,2307,1775,4611,0.0,False
selenium_edit_issue:open_edit_issue_form,188,715,688,818,859,925,578,1025,0.0,False
selenium_edit_issue:save_edit_issue_form,188,770,746,898,919,968,598,1007,0.0,False
selenium_edit_issue,188,1954,1940,2092,2119,2144,1730,2466,0.0,False
selenium_save_comment:open_comment_form,188,455,456,518,536,611,315,632,0.0,False
selenium_save_comment:submit_form,188,970,964,1042,1069,1162,817,1381,0.0,False
selenium_save_comment,188,1600,1596,1696,1736,1872,1374,2038,0.0,False
selenium_search_jql,188,1323,1306,1384,1423,1587,1217,2350,0.0,False
selenium_view_scrum_board_backlog,188,1132,952,1528,1554,1603,858,1642,0.0,False
selenium_view_scrum_board,188,969,982,1090,1119,1159,383,1175,0.0,False
selenium_view_kanban_board,188,918,874,1305,1368,1466,437,1539,0.0,False
selenium_view_dashboard,188,544,544,732,830,946,307,1056,0.0,False
selenium_view_issue,188,841,842,943,967,997,580,1024,0.0,False
selenium_project_summary,188,562,574,639,671,738,388,1012,0.0,False
selenium_log_out,188,592,586,647,667,702,504,710,0.0,False
